Code,Hospital Outpatient Price
10005,$148
10007,$151
10009,$154
10021,N/A
10030,$159
10060,$59
10061,$111
10080,$154
10081,$167
10120,$95
10121,$344
10140,N/A
10160,$94
10180,$576
11000,N/A
11010,$188
11011,$192
11012,$622
11042,$86
11043,$148
11044,$352
11102,$45
11104,N/A
11106,N/A
11307,$50
11308,$null
11310,$46
11311,$50
11312,$89
11313,$93
11400,N/A
11401,$95
11402,N/A
11403,N/A
11404,$340
11406,$357
11420,N/A
11421,N/A
11422,N/A
11423,N/A
11424,$null
11426,$593
11440,N/A
11441,N/A
11442,N/A
11443,N/A
11444,$352
11446,$603
11450,$592
11451,$606
11462,$590
11463,$606
11470,$597
11471,$610
11600,N/A
11601,$163
11602,$106
11603,$171
11604,$175
11606,$369
11620,N/A
11621,$163
11622,$167
11623,N/A
11624,$354
11626,$597
11640,$null
11641,$164
11642,$169
11643,N/A
11644,$363
11646,$617
11750,$95
11755,N/A
11760,N/A
11762,N/A
11770,$577
11771,$630
11772,$655
11900,$null
11960,$883
11970,"$1,474"
11971,$650
12005,$93
12006,$97
12007,$66
12015,$56
12016,$99
12017,$105
12018,$71
12020,$156
12021,$102
12031,$104
12032,$112
12034,$null
12035,$122
12036,$174
12037,$411
12041,$103
12042,$113
12044,$null
12045,$172
12046,$181
12047,$416
12051,$108
12052,$114
12053,$117
12054,$118
12055,$134
12056,$150
12057,$157
13100,$158
13101,$167
13120,$164
13121,$169
13131,$null
13132,$177
13151,$null
13152,$null
13160,$null
14000,$446
14001,$475
14020,$458
14021,$486
14040,$469
14041,$null
14060,$477
14061,$507
14301,$853
14302,$null
14350,$479
15002,$389
15004,$169
15050,$209
15100,$487
15110,$487
15115,$483
15120,$null
15130,$464
15135,$831
15150,$473
15155,$826
15200,$479
15220,$467
15240,$503
15260,$513
15271,$363
15273,$720
15275,N/A
15277,$null
15570,$490
15572,$828
15574,$492
15576,$474
15600,$725
15610,$395
15620,$411
15630,$414
15650,$426
15730,$862
15731,$878
15733,$885
15734,$977
15736,$null
15738,$931
15740,$512
15750,$867
15760,$484
15769,$777
15770,$816
15771,$784
15773,$445
15777,$null
15780,$671
15781,$218
15782,N/A
15783,$145
15819,$504
15820,$null
15821,$455
15822,$425
15823,$455
15832,$722
15833,$713
15834,$716
15835,$724
15836,$698
15837,$682
15838,$669
15839,$null
15840,$881
15841,"$1,031"
15842,$874
15845,$892
15851,N/A
15920,$665
15922,$840
15931,$680
15933,$713
15934,$876
15935,$910
15936,$523
15937,$550
15940,$681
15941,$723
15944,$867
15945,$548
15946,$663
15950,$433
15951,$718
15952,$527
15953,$881
15956,$580
15958,$914
16025,$null
16030,$100
16035,$113
17004,$94
17106,$129
17107,$189
17108,$450
17264,$100
17266,$104
17270,$56
17271,$58
17273,$101
17274,$107
17276,$null
17281,$98
17282,$101
17283,$108
17284,$157
17286,$null
17311,$187
17313,$180
19000,N/A
19020,$370
19081,$339
19082,$null
19083,$337
19085,$342
19100,$321
19101,$770
19105,$767
19110,$796
19112,$790
19120,$808
19125,$817
19296,"$1,673"
19298,"$1,303"
19300,$811
19301,$856
19302,"$1,421"
19303,"$1,431"
19307,"$1,474"
19316,"$1,398"
19318,"$1,456"
19325,"$1,753"
19328,$835
19330,$853
19340,"$1,391"
19342,"$1,782"
19350,$858
19355,$847
19357,"$1,860"
19370,$858
19371,$866
19380,"$1,401"
19396,$753
20100,$null
20103,$375
20150,$814
20200,$326
20205,$571
20206,$319
20220,$324
20225,$332
20240,$568
20245,$608
20250,$693
20251,"$1,445"
20500,N/A
20520,N/A
20525,$589
20526,N/A
20527,N/A
20550,N/A
20551,N/A
20552,N/A
20553,N/A
20555,$681
20600,N/A
20604,N/A
20605,N/A
20606,N/A
20610,N/A
20611,N/A
20612,N/A
20615,$166
20650,$649
20661,$null
20662,$410
20663,$712
20665,$94
20670,$null
20680,$null
20690,"$1,481"
20692,"$1,855"
20693,"$1,451"
20694,$374
20696,"$1,861"
20697,$306
20822,$654
20900,$null
20902,"$1,416"
20910,$214
20912,$778
20920,$426
20922,$445
20924,"$1,463"
20950,$151
20972,"$1,919"
20973,"$1,950"
20982,"$1,702"
20983,"$1,428"
21010,$758
21011,N/A
21012,$375
21013,$387
21014,$644
21015,$678
21016,$739
21025,"$1,245"
21026,"$1,199"
21029,$736
21030,N/A
21031,N/A
21032,N/A
21034,"$1,336"
21040,$684
21044,"$1,284"
21046,"$1,308"
21047,"$1,352"
21048,"$1,310"
21050,"$1,284"
21060,"$1,268"
21070,"$1,235"
21073,N/A
21076,$427
21077,"$1,454"
21079,$841
21080,$870
21081,N/A
21082,$831
21083,$814
21084,$846
21085,$140
21086,$863
21087,N/A
21100,"$1,185"
21110,$null
21116,$null
21120,"$1,215"
21121,$717
21122,"$1,262"
21123,$778
21125,"$1,246"
21127,"$1,266"
21137,$null
21138,"$1,295"
21139,"$1,329"
21150,"$1,437"
21181,"$1,261"
21183,$null
21194,"$1,392"
21195,"$1,376"
21198,"$1,312"
21199,"$1,313"
21206,"$1,304"
21208,N/A
21209,"$1,234"
21210,"$1,263"
21215,"$1,269"
21230,"$1,262"
21235,"$1,227"
21240,"$1,319"
21242,"$1,313"
21243,"$1,959"
21244,"$1,312"
21245,$null
21246,"$1,281"
21248,"$1,270"
21249,"$1,332"
21260,"$1,383"
21267,"$1,428"
21270,"$1,262"
21275,"$1,281"
21280,$728
21282,$691
21295,$329
21296,$693
21315,$301
21320,$631
21325,$701
21330,"$1,220"
21335,$754
21336,$741
21337,$672
21338,"$1,247"
21339,"$1,264"
21340,$761
21345,$417
21355,$678
21356,"$1,194"
21360,"$1,219"
21365,"$1,327"
21390,"$1,273"
21395,$null
21400,$137
21401,$355
21406,"$1,230"
21407,"$1,241"
21421,$720
21440,N/A
21445,"$1,238"
21450,$198
21451,$415
21452,"$1,204"
21453,"$1,297"
21454,"$1,211"
21461,"$1,324"
21462,"$1,342"
21465,"$1,271"
21470,$null
21480,$50
21485,$443
21490,$767
21497,$null
21501,$608
21502,$716
21550,$338
21552,$629
21554,$685
21555,$369
21556,$646
21557,$null
21558,$804
21600,"$1,475"
21602,$null
21610,$857
21685,"$1,308"
21700,"$1,432"
21720,$723
21725,$242
21820,$74
21920,N/A
21925,$383
21930,$380
21931,$401
21932,$672
21933,$686
21935,$742
21936,$819
22102,"$1,515"
22310,$103
22315,$771
22505,$331
22510,$700
22511,$null
22512,$null
22513,"$1,462"
22514,"$1,455"
22551,"$1,969"
22554,"$1,883"
22586,$null
22612,"$1,944"
22614,$null
22802,$null
22819,$null
22856,"$1,953"
22867,"$1,844"
22869,"$1,717"
22900,$653
22901,$672
22902,$374
22903,$628
22904,$747
22905,$802
23000,$612
23020,$753
23030,$591
23031,$585
23035,$440
23040,$758
23044,$728
23065,N/A
23066,$614
23071,$391
23073,$679
23075,$373
23076,$649
23077,$null
23078,$823
23100,$717
23101,$708
23105,"$1,491"
23106,$716
23107,"$1,495"
23120,$733
23125,$757
23130,$739
23140,$727
23145,$754
23146,"$1,487"
23150,$749
23155,"$1,521"
23156,"$1,498"
23170,$729
23172,$730
23174,$null
23180,"$1,494"
23182,"$1,497"
23184,"$1,510"
23190,$731
23195,"$1,511"
23330,$341
23333,$null
23334,$750
23395,"$1,616"
23397,"$1,588"
23400,"$1,555"
23405,"$1,485"
23406,"$1,507"
23410,"$1,525"
23412,"$1,532"
23415,"$1,502"
23420,"$1,556"
23430,"$1,511"
23440,"$1,513"
23450,"$1,550"
23455,"$1,558"
23460,"$1,578"
23462,"$1,574"
23465,"$1,584"
23466,"$1,585"
23470,"$1,868"
23472,$null
23480,"$1,526"
23485,"$1,820"
23490,"$1,533"
23491,"$1,833"
23500,$91
23505,$374
23515,"$1,506"
23520,$355
23525,$118
23530,"$1,478"
23532,"$1,488"
23540,$92
23545,$110
23550,"$1,477"
23552,"$1,492"
23570,$93
23575,$383
23585,$null
23600,$108
23605,$392
23615,"$1,807"
23616,$null
23620,$97
23625,$378
23630,"$1,518"
23650,$null
23655,$388
23660,"$1,480"
23665,$387
23670,$null
23675,$407
23680,"$1,814"
23700,$345
23800,$null
23802,$null
23921,$441
23930,$583
23931,$340
23935,$719
24000,$712
24006,$758
24065,N/A
24066,$625
24071,$621
24073,$678
24075,$373
24076,$649
24077,$743
24079,$802
24100,$700
24101,$716
24102,$739
24105,$688
24110,$734
24115,"$1,510"
24116,"$1,533"
24120,$722
24125,$740
24126,$null
24130,$718
24134,"$1,511"
24136,$742
24138,"$1,500"
24140,$756
24145,"$1,481"
24147,$741
24149,"$1,597"
24150,$null
24152,"$1,627"
24155,$null
24160,$864
24164,$null
24200,N/A
24201,$621
24300,$394
24301,"$1,512"
24305,$732
24310,$null
24320,"$1,518"
24330,"$1,506"
24331,"$1,519"
24332,$null
24340,"$1,482"
24341,"$1,512"
24342,"$1,516"
24343,$758
24344,"$1,582"
24345,"$1,505"
24346,"$1,851"
24357,$699
24358,$722
24359,$748
24360,"$1,542"
24361,"$1,831"
24362,"$1,842"
24363,"$1,917"
24365,$null
24366,"$1,767"
24370,"$1,934"
24371,"$1,979"
24400,"$1,527"
24410,"$1,841"
24420,"$1,573"
24430,$null
24435,"$1,846"
24470,$750
24495,"$1,545"
24498,"$1,804"
24500,$112
24505,$397
24515,"$1,806"
24516,"$1,802"
24530,$115
24535,$421
24538,"$1,520"
24545,"$1,816"
24546,"$1,837"
24560,$104
24565,$406
24566,$450
24575,"$1,778"
24576,$108
24577,$408
24579,"$1,798"
24582,"$1,526"
24586,"$1,846"
24587,$null
24600,$113
24605,$402
24615,"$1,505"
24620,$424
24635,"$1,497"
24640,$59
24650,$94
24655,$388
24665,$null
24666,"$1,777"
24670,$99
24675,$390
24685,"$1,493"
24800,"$1,528"
24802,"$1,830"
24920,$null
24925,$730
25000,$375
25001,$686
25020,$452
25023,$875
25024,$771
25025,$548
25028,$753
25031,$380
25035,"$1,481"
25040,$727
25065,N/A
25066,$614
25071,$392
25073,$647
25075,$371
25076,$null
25077,$null
25078,$771
25085,$null
25100,$686
25101,$697
25105,$713
25107,$739
25109,$null
25110,$375
25111,$371
25112,$384
25115,$457
25116,$737
25118,$383
25119,$716
25120,$716
25125,$425
25126,$736
25130,$706
25135,"$1,475"
25136,"$1,463"
25145,$720
25150,$729
25151,$732
25210,$715
25215,$739
25230,$703
25240,$702
25248,$391
25250,$null
25251,$null
25259,$393
25260,$743
25263,"$1,490"
25265,$766
25270,$715
25272,$728
25274,$null
25275,$750
25280,$729
25290,$703
25295,$721
25300,$753
25301,$744
25310,$740
25312,$759
25315,"$1,516"
25316,"$1,544"
25320,"$1,560"
25332,$784
25335,$803
25337,"$1,539"
25350,"$1,497"
25355,$768
25360,"$1,494"
25365,"$1,814"
25370,$816
25375,$805
25390,"$1,515"
25391,"$1,829"
25392,"$1,563"
25393,"$1,586"
25394,$772
25400,"$1,522"
25405,"$1,568"
25415,"$1,554"
25420,"$1,593"
25425,"$1,554"
25426,$838
25430,$762
25431,"$1,519"
25440,"$1,516"
25441,"$1,818"
25442,"$1,792"
25443,"$1,519"
25444,"$1,795"
25445,$null
25446,"$1,863"
25447,$781
25449,"$1,567"
25450,$739
25455,$761
25490,"$1,506"
25491,"$1,779"
25492,$796
25500,$97
25505,$399
25515,"$1,497"
25520,$416
25525,"$1,520"
25526,"$1,553"
25530,$94
25535,$136
25545,"$1,488"
25560,$97
25565,$null
25574,"$1,498"
25575,"$1,542"
25600,$110
25605,$null
25606,$750
25607,"$1,511"
25608,"$1,528"
25609,"$1,572"
25622,$102
25624,$396
25628,"$1,506"
25630,$102
25635,$392
25645,$730
25650,$106
25651,$714
25652,"$1,487"
25660,$135
25670,"$1,484"
25671,$723
25675,$128
25676,"$1,489"
25680,$151
25685,"$1,509"
25690,$405
25695,"$1,489"
25800,"$1,508"
25805,"$1,531"
25810,"$1,804"
25820,"$1,492"
25825,"$1,521"
25830,$null
25907,$null
25922,$435
25929,$466
25931,$774
26010,$null
26011,$344
26020,$727
26025,$700
26030,$714
26034,$416
26035,$787
26037,$728
26040,$369
26045,$711
26055,$364
26060,$357
26070,$371
26075,$684
26080,$386
26100,$684
26105,$685
26110,$371
26111,$391
26113,$417
26115,$374
26116,$413
26117,$689
26118,$748
26121,$736
26123,$783
26130,$710
26135,$726
26140,$408
26145,$409
26160,$369
26170,$388
26180,$396
26185,$418
26200,$396
26205,"$1,484"
26210,$396
26215,$729
26230,$716
26235,$404
26236,$394
26250,$827
26260,$774
26262,$432
26320,$378
26340,$378
26341,$59
26350,$764
26352,"$1,528"
26356,$774
26357,$793
26358,"$1,558"
26370,$771
26372,"$1,544"
26373,$791
26390,"$1,537"
26392,"$1,561"
26410,$425
26412,$758
26415,$785
26416,$799
26418,$430
26420,$763
26426,$717
26428,$774
26432,$414
26433,$730
26434,$null
26437,$748
26440,$435
26442,$812
26445,$736
26449,$756
26450,$708
26455,$398
26460,$null
26471,$747
26474,$436
26476,$744
26477,$741
26478,$747
26479,$750
26480,$772
26483,$null
26485,$null
26489,$807
26490,$null
26492,$800
26494,$null
26496,$null
26497,$null
26498,$849
26499,$789
26500,"$1,500"
26502,$766
26508,$751
26510,$null
26516,$764
26517,$788
26518,"$1,537"
26520,$751
26525,$442
26530,"$1,471"
26531,"$1,489"
26535,$704
26536,"$1,512"
26540,$755
26541,$782
26542,$759
26545,$762
26546,"$1,569"
26548,$775
26550,$null
26555,"$1,637"
26560,$432
26561,$811
26562,$889
26565,$757
26567,$759
26568,"$1,547"
26580,$null
26587,$823
26590,$589
26591,$713
26593,$744
26596,$778
26600,$103
26605,$104
26607,$718
26608,$713
26615,$731
26641,$null
26645,$386
26650,$713
26665,$null
26670,$108
26675,$null
26676,$718
26685,$731
26686,$740
26700,$108
26705,$386
26706,$706
26715,$731
26720,$83
26725,$106
26727,$711
26735,$735
26740,$89
26742,$374
26746,$763
26750,$83
26755,$100
26756,$701
26765,$717
26770,$98
26775,$123
26776,$706
26785,$725
26820,"$1,528"
26841,$null
26842,"$1,528"
26843,"$1,518"
26844,"$1,534"
26850,"$1,509"
26852,$null
26860,$null
26862,$768
26910,$767
26951,$756
26952,$752
26990,$751
26991,$411
27000,$383
27001,$723
27003,"$1,482"
27006,$758
27033,"$1,555"
27035,$837
27040,$347
27041,$448
27043,$634
27045,$686
27047,$613
27048,$662
27049,$821
27050,$387
27052,$421
27059,$896
27060,"$1,456"
27062,$null
27065,"$1,467"
27066,$778
27067,"$1,568"
27080,$717
27086,$574
27087,$738
27097,$null
27098,$754
27100,"$1,528"
27105,$789
27110,"$1,555"
27111,$795
27130,$null
27197,$70
27198,$106
27200,$83
27202,$721
27220,$126
27230,$140
27238,$400
27246,$122
27250,$79
27252,$454
27256,$91
27257,$377
27265,$128
27266,$422
27267,$705
27275,$342
27279,"$1,790"
27301,$642
27305,$712
27306,$684
27307,$697
27310,$761
27323,$342
27324,$623
27325,$480
27326,$471
27327,$370
27328,$665
27329,$746
27330,$701
27331,$711
27332,$745
27333,$734
27334,$752
27335,"$1,515"
27337,$624
27339,$690
27340,$691
27345,$713
27347,$721
27350,"$1,493"
27355,$737
27356,"$1,779"
27357,"$1,525"
27360,$795
27364,$848
27372,$620
27380,"$1,487"
27381,"$1,526"
27385,"$1,484"
27386,"$1,533"
27390,$706
27391,$731
27392,$758
27393,$null
27394,"$1,493"
27395,$791
27396,"$1,486"
27397,"$1,544"
27400,"$1,501"
27403,"$1,491"
27405,"$1,497"
27407,"$1,521"
27409,"$1,554"
27412,"$1,687"
27415,"$1,903"
27416,"$1,557"
27418,"$1,526"
27420,"$1,512"
27422,"$1,510"
27424,"$1,512"
27425,$707
27427,"$1,504"
27428,"$1,853"
27429,"$1,881"
27430,"$1,510"
27435,$776
27437,"$1,495"
27438,"$1,798"
27440,"$1,790"
27441,"$1,795"
27442,"$1,804"
27443,"$1,794"
27446,"$1,858"
27447,"$1,884"
27475,"$1,495"
27479,"$1,545"
27496,$726
27497,$732
27498,$437
27499,"$1,503"
27500,$140
27501,$143
27502,$455
27503,$464
27508,$144
27509,"$1,497"
27510,$441
27516,$142
27517,$443
27520,$105
27524,"$1,512"
27530,$103
27532,$732
27538,$135
27550,$139
27552,$null
27560,$113
27562,$142
27566,"$1,540"
27570,$336
27594,$715
27600,$694
27601,$703
27602,$709
27603,$618
27604,$680
27605,$342
27606,$669
27607,$734
27610,$744
27612,$729
27613,N/A
27614,$623
27615,$741
27616,$789
27618,$null
27619,$634
27620,$705
27625,$729
27626,$739
27630,$687
27632,$622
27634,$674
27635,$null
27637,"$1,511"
27638,"$1,510"
27640,$780
27641,$745
27647,$811
27650,"$1,493"
27652,"$1,496"
27654,"$1,505"
27656,$683
27658,$689
27659,"$1,456"
27664,"$1,435"
27665,"$1,447"
27675,$714
27676,"$1,484"
27680,$699
27681,$717
27685,$708
27686,$721
27687,$706
27690,"$1,489"
27691,"$1,510"
27695,"$1,459"
27696,"$1,471"
27698,"$1,489"
27700,"$1,504"
27702,"$1,822"
27704,$728
27705,"$1,511"
27707,$697
27709,"$1,858"
27720,"$1,536"
27726,$null
27730,$733
27732,$707
27734,$747
27740,$757
27742,$770
27745,"$1,511"
27750,$110
27752,$404
27756,"$1,478"
27758,"$1,809"
27759,"$1,829"
27760,$106
27762,$395
27766,"$1,483"
27767,$103
27768,$396
27769,"$1,507"
27780,$102
27781,$388
27784,"$1,505"
27786,$null
27788,$122
27792,"$1,491"
27808,$106
27810,$392
27814,"$1,514"
27816,$104
27818,$395
27822,"$1,536"
27823,"$1,558"
27824,$106
27825,$405
27826,"$1,532"
27827,"$1,853"
27828,"$1,894"
27829,"$1,503"
27830,$117
27831,$698
27832,"$1,514"
27840,$122
27842,$404
27846,"$1,507"
27848,"$1,519"
27860,$648
27870,"$1,831"
27871,"$1,769"
27884,$729
27889,"$1,488"
27892,$722
27893,"$1,485"
27894,$776
28001,N/A
28002,$null
28003,$666
28005,$728
28008,$674
28010,N/A
28011,$null
28020,$688
28022,$681
28024,$null
28035,$438
28039,$607
28041,$630
28043,$359
28045,$609
28046,$678
28047,$744
28050,$671
28052,$null
28054,$662
28055,$444
28060,$687
28062,$696
28070,"$1,430"
28072,$680
28080,$381
28086,$685
28088,$674
28090,$367
28092,$360
28100,$698
28102,"$1,485"
28103,"$1,439"
28104,$686
28106,"$1,447"
28107,"$1,431"
28108,$363
28110,$674
28111,$679
28112,$678
28113,$700
28114,$781
28116,$731
28118,$699
28119,$688
28120,$714
28122,$703
28124,N/A
28126,$665
28130,"$1,485"
28140,$700
28150,$671
28153,$668
28160,$669
28171,$834
28173,$758
28175,$398
28190,$160
28192,$369
28193,$380
28200,$680
28202,"$1,447"
28208,$679
28210,"$1,447"
28220,N/A
28222,$689
28225,$668
28226,$696
28230,N/A
28232,N/A
28234,$359
28238,"$1,459"
28240,$674
28250,$697
28260,$723
28261,$472
28262,"$1,581"
28264,$438
28270,$682
28272,N/A
28280,$684
28285,$692
28286,$675
28288,$702
28289,$707
28291,$null
28292,$712
28295,$735
28296,$717
28297,"$1,482"
28298,"$1,463"
28299,"$1,480"
28300,"$1,492"
28302,"$1,505"
28304,"$1,484"
28305,"$1,496"
28306,"$1,443"
28307,"$1,466"
28308,$693
28309,"$1,542"
28310,"$1,435"
28312,$null
28313,$687
28315,$680
28320,"$1,754"
28322,"$1,477"
28340,$696
28341,$711
28344,$671
28345,$377
28400,$90
28405,$126
28406,"$1,481"
28415,"$1,584"
28420,"$1,888"
28430,$86
28435,$372
28436,"$1,462"
28445,$null
28446,"$1,605"
28450,$82
28455,N/A
28456,"$1,437"
28465,"$1,490"
28470,$85
28475,$90
28476,$693
28485,"$1,475"
28490,$69
28495,$74
28496,$671
28505,$714
28510,$null
28515,$73
28525,$697
28530,$64
28531,"$1,399"
28540,$79
28545,$671
28546,$377
28555,"$1,494"
28570,$84
28575,$685
28576,"$1,441"
28585,"$1,503"
28600,$76
28605,$106
28606,$694
28615,"$1,527"
28630,$66
28635,$331
28636,$660
28645,$712
28660,$62
28665,$null
28666,$650
28675,$698
28705,"$1,872"
28715,"$1,817"
28725,"$1,786"
28730,"$1,775"
28735,"$1,785"
28737,"$1,768"
28740,"$1,485"
28750,"$1,477"
28755,"$1,429"
28760,"$1,476"
28810,$null
28820,$650
28825,$649
28890,N/A
29000,$90
29010,$82
29015,$86
29035,$79
29040,$85
29044,$63
29046,$88
29049,$64
29055,$78
29058,$69
29065,$64
29075,$63
29085,$43
29086,$39
29105,$38
29200,N/A
29305,$82
29325,$86
29345,$70
29355,$71
29358,$71
29365,$68
29405,$62
29425,N/A
29435,$68
29440,N/A
29445,$70
29450,$52
29505,$null
29515,$39
29540,N/A
29580,$35
29581,$35
29584,$33
29700,N/A
29705,N/A
29710,$67
29720,$38
29730,$38
29740,$64
29750,$66
29800,$722
29804,$733
29805,$null
29806,"$1,572"
29807,"$1,567"
29819,$733
29820,"$1,469"
29821,$734
29822,$724
29823,$734
29824,$750
29825,$732
29826,$null
29827,"$1,574"
29828,"$1,544"
29830,$707
29834,$714
29835,$717
29836,"$1,479"
29837,$720
29838,$734
29840,$706
29843,$713
29844,$715
29845,$733
29846,$720
29847,"$1,471"
29848,$408
29850,$430
29851,$490
29855,"$1,517"
29856,"$1,828"
29860,"$1,493"
29861,"$1,504"
29862,"$1,524"
29863,$777
29866,"$1,571"
29867,"$1,884"
29868,"$1,691"
29870,$698
29871,$718
29873,$723
29874,$723
29875,$715
29876,$745
29877,$739
29879,$747
29880,$728
29881,$724
29882,$752
29883,$783
29884,$739
29885,"$1,513"
29886,$null
29887,"$1,513"
29888,"$1,555"
29889,"$1,874"
29891,$749
29892,"$1,490"
29893,$703
29894,$716
29895,$707
29897,$714
29898,$727
29899,"$1,561"
29900,$717
29901,$724
29902,$420
29904,$743
29905,"$1,464"
29906,$745
29907,"$1,806"
29914,"$1,559"
29915,"$1,564"
29916,"$1,563"
30000,$70
30020,$128
30100,N/A
30110,N/A
30115,$705
30117,$694
30118,$753
30120,$696
30124,$350
30125,"$1,244"
30130,$695
30140,$647
30150,"$1,273"
30160,"$1,276"
30200,N/A
30210,N/A
30220,$315
30310,$654
30320,$386
30460,"$1,278"
30462,"$1,428"
30465,"$1,318"
30468,"$1,148"
30469,"$1,144"
30520,$746
30540,"$1,261"
30545,"$1,313"
30560,$133
30580,"$1,205"
30600,"$1,190"
30620,"$1,248"
30630,$745
30801,$320
30802,$330
30903,$39
30905,$44
30906,$71
30915,$726
30920,$779
30930,$636
31000,$67
31002,$327
31020,$680
31030,"$1,216"
31032,"$1,232"
31040,"$1,274"
31050,"$1,217"
31051,"$1,252"
31070,"$1,209"
31075,"$1,278"
31080,"$1,330"
31081,"$1,345"
31084,"$1,353"
31085,"$1,361"
31086,"$1,347"
31087,"$1,336"
31090,"$1,334"
31200,"$1,238"
31201,$444
31205,$798
31231,$49
31233,$103
31235,$354
31237,$354
31238,$355
31239,$832
31240,$354
31253,"$1,401"
31254,"$1,351"
31255,"$1,367"
31256,$748
31257,"$1,390"
31259,"$1,395"
31267,"$1,355"
31276,"$1,377"
31287,"$1,343"
31288,"$1,349"
31295,"$1,334"
31296,N/A
31297,N/A
31298,"$1,353"
31300,$859
31400,"$1,314"
31420,"$1,279"
31500,$73
31502,$52
31505,$46
31510,$736
31511,$63
31512,$738
31513,$102
31515,$98
31520,$107
31525,$354
31526,$353
31527,$751
31528,$741
31529,$744
31530,$361
31531,$754
31535,$749
31536,$753
31540,$760
31541,$764
31545,$783
31546,"$1,410"
31551,"$1,418"
31552,"$1,408"
31553,"$1,446"
31554,"$1,446"
31560,"$1,364"
31561,"$1,370"
31570,$757
31571,$761
31572,$748
31573,N/A
31574,$352
31575,$50
31576,$346
31577,$103
31578,$742
31579,$100
31580,"$1,367"
31590,"$1,297"
31591,"$1,332"
31592,"$1,456"
31603,$352
31605,$110
31611,$719
31612,$622
31613,$696
31614,"$1,255"
31615,$126
31622,$348
31623,$348
31624,$348
31625,$352
31626,"$1,341"
31628,$746
31629,$748
31630,$751
31631,"$1,347"
31634,"$1,340"
31635,$356
31636,"$1,345"
31638,"$1,351"
31640,$760
31641,$761
31643,$355
31645,$351
31646,$104
31647,"$1,343"
31648,$750
31649,$335
31652,$755
31653,$759
31717,$97
31730,$351
31750,"$1,380"
31755,"$1,455"
31800,$null
31820,$678
31825,$709
31830,$686
32400,$324
32408,$337
32550,$698
32552,$149
32553,$297
32554,$136
32555,$139
32556,$385
32557,$333
32900,$null
32960,$136
32994,"$1,715"
32998,"$1,182"
33016,$349
33206,"$1,719"
33207,$null
33208,"$1,731"
33210,"$1,648"
33211,"$1,650"
33212,"$1,680"
33213,"$1,697"
33214,"$1,724"
33215,$667
33216,"$1,689"
33217,"$1,689"
33218,$823
33220,$821
33221,"$1,701"
33222,$413
33223,$426
33224,"$1,730"
33226,$700
33227,"$1,683"
33228,"$1,700"
33229,"$1,704"
33230,"$1,704"
33231,"$1,709"
33233,"$1,663"
33234,$841
33235,$870
33240,"$1,703"
33241,$789
33249,"$1,807"
33262,"$1,703"
33263,"$1,706"
33264,"$1,709"
33270,"$1,740"
33271,"$1,705"
33273,$825
33274,"$1,724"
33275,$704
33285,"$1,634"
33286,$150
33289,"$1,696"
33900,"$1,743"
33901,"$1,777"
33902,"$1,772"
33903,"$1,798"
34490,$717
35188,"$1,303"
35207,$755
35875,"$1,160"
35876,"$1,227"
36002,$139
36260,"$1,176"
36261,$829
36262,$810
36430,N/A
36440,$91
36450,$114
36455,$106
36465,$369
36466,$376
36470,N/A
36471,$89
36473,$641
36475,$660
36478,$660
36482,N/A
36511,$313
36512,$312
36513,$102
36514,$310
36516,$897
36522,$899
36555,$623
36556,$623
36557,"$1,109"
36558,$656
36560,$682
36561,$671
36563,"$1,117"
36565,$672
36566,"$1,116"
36568,$322
36569,$323
36570,$672
36571,$667
36572,$134
36573,$320
36575,$125
36576,$340
36578,$646
36580,$317
36581,$642
36582,$662
36583,"$1,111"
36584,$316
36585,$661
36589,$145
36590,$341
36593,N/A
36595,$641
36596,$313
36597,$316
36640,$629
36800,"$1,070"
36810,$647
36815,"$1,072"
36818,"$1,179"
36819,"$1,187"
36820,"$1,186"
36821,$733
36825,"$1,199"
36830,"$1,175"
36831,"$1,165"
36832,"$1,192"
36833,"$1,202"
36835,$701
36836,"$1,700"
36837,"$1,720"
36860,$326
36861,"$1,073"
36901,$337
36902,"$1,134"
36903,"$1,692"
36904,"$1,159"
36905,"$1,716"
36906,"$1,729"
37184,"$1,714"
37187,"$1,706"
37188,$660
37192,$672
37193,$673
37197,$664
37200,"$1,087"
37211,"$1,120"
37212,$671
37220,"$1,165"
37221,"$1,725"
37224,"$1,173"
37225,"$1,746"
37226,"$1,730"
37227,"$1,768"
37228,"$1,735"
37229,"$1,763"
37230,"$1,764"
37231,"$1,771"
37236,"$1,716"
37238,"$1,690"
37241,"$1,713"
37242,"$1,722"
37243,"$1,738"
37246,"$1,155"
37248,"$1,145"
37500,"$1,168"
37607,$679
37609,$348
37650,$695
37700,$654
37718,$683
37722,$696
37735,$719
37760,$718
37761,$711
37765,N/A
37766,N/A
37780,$652
37785,$656
37790,$759
38220,N/A
38221,N/A
38222,$null
38230,$331
38232,$917
38242,$316
38243,$316
38300,$582
38305,$639
38308,$818
38500,$776
38505,$324
38510,$808
38520,$818
38525,$813
38530,$837
38531,$814
38542,"$1,202"
38550,$829
38555,"$1,444"
38570,"$1,200"
38571,"$1,761"
38572,"$1,808"
38573,"$1,863"
38700,"$1,400"
38740,"$1,237"
38745,"$1,273"
38760,"$1,406"
40490,$59
40500,$686
40510,$682
40520,$683
40525,$722
40527,"$1,239"
40530,$693
40650,$166
40652,$175
40654,$374
40700,"$1,313"
40701,"$1,348"
40702,"$1,311"
40720,$814
40761,"$1,326"
40800,$157
40801,$143
40805,$142
40806,N/A
40808,$121
40810,N/A
40812,N/A
40814,$668
40816,$673
40818,$156
40819,$329
40820,N/A
40830,$74
40831,$143
41000,N/A
41005,$68
41006,$335
41007,$333
41008,$663
41009,$160
41010,$311
41015,$162
41016,"$1,182"
41017,$680
41018,$368
41019,"$1,210"
41100,$125
41105,N/A
41108,N/A
41110,N/A
41112,$661
41113,$665
41114,$735
41115,N/A
41116,$655
41120,"$1,322"
41251,$82
41252,$87
41510,$702
41512,"$1,246"
41520,$662
41530,N/A
41805,N/A
41806,N/A
41825,N/A
41826,N/A
41827,"$1,171"
42000,$67
42100,N/A
42104,N/A
42106,N/A
42107,"$1,178"
42120,"$1,311"
42140,$null
42145,"$1,251"
42160,N/A
42180,$141
42182,"$1,166"
42200,"$1,297"
42205,$802
42210,"$1,326"
42215,"$1,253"
42220,"$1,229"
42225,"$1,308"
42226,"$1,293"
42227,"$1,281"
42235,"$1,261"
42260,"$1,247"
42280,$125
42281,$null
42300,$null
42305,$698
42310,$null
42320,$139
42330,$null
42335,N/A
42340,$null
42400,N/A
42405,$334
42408,$681
42409,$659
42410,$null
42415,$null
42420,"$1,348"
42425,"$1,280"
42440,"$1,197"
42450,"$1,187"
42500,"$1,183"
42505,$null
42507,"$1,213"
42509,"$1,276"
42510,$733
42600,$683
42650,$null
42660,N/A
42665,$656
42700,$72
42720,$688
42725,"$1,272"
42800,N/A
42804,$637
42806,$641
42808,$645
42810,$669
42815,"$1,221"
42820,"$1,172"
42821,$673
42825,"$1,168"
42826,$663
42830,$null
42831,$659
42835,$652
42836,$661
42860,$651
42870,"$1,231"
42890,"$1,392"
42892,"$1,480"
42900,$355
42950,"$1,271"
42955,$439
42960,$null
42962,$715
42970,$127
42972,$713
42975,$342
43030,"$1,218"
43130,"$1,271"
43180,"$1,222"
43191,$392
43192,$395
43193,$395
43194,$399
43195,$765
43196,$400
43197,N/A
43198,N/A
43200,$189
43201,$382
43202,$382
43204,$388
43205,$389
43206,$387
43210,"$1,715"
43211,$407
43212,"$1,122"
43213,$412
43214,$399
43215,$389
43216,$null
43217,$392
43220,$384
43226,$387
43227,$null
43229,$null
43231,$392
43232,$400
43233,$406
43235,$195
43236,$198
43237,$399
43238,$406
43239,$198
43240,"$1,161"
43241,$389
43242,$412
43243,$407
43244,$409
43245,$395
43246,$400
43247,$206
43248,$204
43249,$391
43250,$394
43251,$399
43252,$394
43253,$412
43254,$414
43255,$400
43257,$774
43259,$405
43260,$791
43261,$794
43262,$797
43263,$430
43264,$799
43265,"$1,169"
43266,"$1,128"
43270,$405
43274,"$1,175"
43275,$434
43276,"$1,178"
43277,$801
43278,$812
43284,"$1,760"
43285,"$1,231"
43290,$397
43291,$203
43450,$187
43453,$378
43653,"$1,213"
43752,$82
43755,$40
43756,$181
43757,$186
43761,$67
43762,$54
43763,$64
43774,$918
43870,$868
43886,$756
43887,$null
43888,$775
44100,$192
44312,$800
44340,$807
44360,$389
44361,$392
44363,$399
44364,$401
44365,$397
44366,$408
44369,$409
44370,"$1,137"
44372,$408
44373,$398
44376,$416
44377,$null
44378,$436
44379,"$1,164"
44380,$183
44381,$378
44382,$186
44384,$391
44385,$188
44386,$191
44388,$204
44388,$204
44389,$257
44390,$214
44391,$268
44392,$262
44394,$267
44401,$270
44402,"$1,136"
44403,$282
44404,$257
44405,$259
44406,$268
44407,$277
44408,$218
44500,$175
45000,$308
45005,$256
45020,$647
45100,$595
45108,$609
45150,$308
45160,$737
45171,$656
45172,$697
45190,$672
45300,N/A
45303,$240
45305,$238
45307,$554
45308,$551
45309,$241
45315,$null
45317,$245
45320,$555
45321,$555
45327,"$1,108"
45330,N/A
45331,$188
45332,$244
45333,$192
45334,$246
45335,$187
45337,$196
45338,$247
45340,$239
45341,$198
45342,$257
45346,$255
45347,"$1,115"
45349,$573
45350,$243
45378,$209
45378,$209
45379,$270
45380,$262
45381,$262
45382,$273
45384,$268
45385,$273
45386,$264
45388,$276
45389,"$1,141"
45390,$599
45391,$273
45392,$282
45393,$272
45398,$269
45500,$647
45505,$653
45541,$719
45560,$671
45562,$null
45900,$216
45905,$257
45910,$262
45915,$269
45990,$555
46020,$557
46030,$240
46040,$308
46045,$622
46050,$194
46060,$631
46070,$588
46080,$566
46083,$68
46200,$602
46220,$248
46221,$211
46230,$569
46250,$598
46255,$605
46257,$617
46258,$630
46260,$630
46261,$640
46262,$651
